decimals,viete,madhava
0,0.0002124309539794922,0.0001232624053955078
0,3.409385681152344e-05,8.606910705566406e-05
0,3.266334533691406e-05,8.559226989746094e-05
0,2.86102294921875e-05,8.082389831542969e-05
0,3.0040740966796875e-05,8.0108642578125e-05
0,2.9325485229492188e-05,7.987022399902344e-05
0,2.956390380859375e-05,7.796287536621094e-05
0,2.9087066650390625e-05,7.915496826171875e-05
0,2.8848648071289062e-05,8.058547973632812e-05
0,2.1457672119140625e-05,4.6253204345703125e-05
0,1.5974044799804688e-05,4.363059997558594e-05
0,1.5735626220703125e-05,4.267692565917969e-05
0,1.5735626220703125e-05,4.2438507080078125e-05
0,1.5497207641601562e-05,4.291534423828125e-05
0,1.5735626220703125e-05,4.124641418457031e-05
0,1.5497207641601562e-05,4.1484832763671875e-05
0,1.5020370483398438e-05,4.220008850097656e-05
0,2.5987625122070312e-05,4.363059997558594e-05
0,1.5497207641601562e-05,4.1484832763671875e-05
0,1.52587890625e-05,4.1484832763671875e-05
0,1.5497207641601562e-05,4.1961669921875e-05
0,1.52587890625e-05,4.1961669921875e-05
0,1.5497207641601562e-05,4.172325134277344e-05
0,1.5497207641601562e-05,4.124641418457031e-05
0,1.5735626220703125e-05,6.604194641113281e-05
0,2.765655517578125e-05,7.081031799316406e-05
0,2.765655517578125e-05,7.62939453125e-05
0,2.6941299438476562e-05,4.6253204345703125e-05
0,1.621246337890625e-05,4.363059997558594e-05
0,1.52587890625e-05,4.2438507080078125e-05
0,1.5735626220703125e-05,4.172325134277344e-05
0,1.5497207641601562e-05,4.1961669921875e-05
0,1.5497207641601562e-05,4.100799560546875e-05
0,1.52587890625e-05,4.0531158447265625e-05
0,1.5497207641601562e-05,4.0531158447265625e-05
0,2.9325485229492188e-05,4.363059997558594e-05
0,1.5497207641601562e-05,4.172325134277344e-05
0,1.52587890625e-05,4.124641418457031e-05
0,1.5020370483398438e-05,4.076957702636719e-05
0,1.5974044799804688e-05,4.2438507080078125e-05
0,1.5735626220703125e-05,4.124641418457031e-05
0,1.52587890625e-05,4.100799560546875e-05
0,1.52587890625e-05,4.124641418457031e-05
0,1.5020370483398438e-05,4.0531158447265625e-05
0,1.5020370483398438e-05,4.076957702636719e-05
0,1.4781951904296875e-05,4.0531158447265625e-05
0,1.52587890625e-05,3.981590270996094e-05
0,1.4781951904296875e-05,4.100799560546875e-05
0,1.52587890625e-05,4.0531158447265625e-05
0,1.5497207641601562e-05,4.076957702636719e-05
0,1.5020370483398438e-05,4.0531158447265625e-05
0,1.4543533325195312e-05,4.0531158447265625e-05
0,1.5020370483398438e-05,4.076957702636719e-05
0,1.4781951904296875e-05,4.029273986816406e-05
0,1.4543533325195312e-05,4.076957702636719e-05
0,1.5020370483398438e-05,4.029273986816406e-05
0,1.5020370483398438e-05,4.100799560546875e-05
0,1.5020370483398438e-05,4.100799560546875e-05
0,1.52587890625e-05,4.0531158447265625e-05
0,1.5497207641601562e-05,4.029273986816406e-05
0,1.4781951904296875e-05,4.100799560546875e-05
0,1.4543533325195312e-05,4.0531158447265625e-05
0,1.5020370483398438e-05,4.00543212890625e-05
0,1.52587890625e-05,4.029273986816406e-05
0,1.5020370483398438e-05,4.100799560546875e-05
0,1.52587890625e-05,4.076957702636719e-05
0,1.52587890625e-05,4.029273986816406e-05
0,2.4557113647460938e-05,5.602836608886719e-05
0,1.5497207641601562e-05,4.076957702636719e-05
0,1.5497207641601562e-05,4.029273986816406e-05
0,1.5497207641601562e-05,4.076957702636719e-05
0,1.52587890625e-05,4.076957702636719e-05
0,1.5020370483398438e-05,4.124641418457031e-05
0,1.5020370483398438e-05,4.100799560546875e-05
0,1.4781951904296875e-05,4.100799560546875e-05
0,1.52587890625e-05,4.076957702636719e-05
0,1.5020370483398438e-05,4.100799560546875e-05
0,1.5020370483398438e-05,4.076957702636719e-05
0,1.52587890625e-05,4.0531158447265625e-05
0,1.52587890625e-05,4.076957702636719e-05
0,1.5020370483398438e-05,4.076957702636719e-05
0,1.4781951904296875e-05,4.0531158447265625e-05
0,1.52587890625e-05,4.100799560546875e-05
0,1.4781951904296875e-05,4.100799560546875e-05
0,1.5020370483398438e-05,4.100799560546875e-05
0,1.4781951904296875e-05,5.626678466796875e-05
0,1.4066696166992188e-05,3.814697265625e-05
0,1.4543533325195312e-05,3.790855407714844e-05
0,1.4066696166992188e-05,3.814697265625e-05
0,1.4066696166992188e-05,3.838539123535156e-05
0,1.430511474609375e-05,3.814697265625e-05
0,1.4066696166992188e-05,3.838539123535156e-05
0,1.4781951904296875e-05,3.8623809814453125e-05
0,1.4781951904296875e-05,3.886222839355469e-05
0,1.430511474609375e-05,3.8623809814453125e-05
0,1.430511474609375e-05,3.814697265625e-05
0,1.430511474609375e-05,3.7670135498046875e-05
0,1.4066696166992188e-05,3.7670135498046875e-05
0,1.4066696166992188e-05,3.814697265625e-05
0,1.4066696166992188e-05,3.838539123535156e-05
5,0.0007054805755615234,0.0005457401275634766
5,0.0006763935089111328,0.000579833984375
5,0.0006721019744873047,0.0005300045013427734
5,0.0006685256958007812,0.0005288124084472656
5,0.0006699562072753906,0.0005624294281005859
5,0.0006983280181884766,0.0005261898040771484
5,0.0006690025329589844,0.0005259513854980469
5,0.0006971359252929688,0.0005254745483398438
5,0.0006630420684814453,0.0005342960357666016
5,0.0007870197296142578,0.0005331039428710938
5,0.0006825923919677734,0.0005273818969726562
5,0.0006635189056396484,0.0005261898040771484
5,0.0006656646728515625,0.0005564689636230469
5,0.0006644725799560547,0.0005273818969726562
5,0.0006985664367675781,0.0005259513854980469
5,0.0006992816925048828,0.0005269050598144531
5,0.0006673336029052734,0.0005283355712890625
5,0.0006878376007080078,0.0005381107330322266
5,0.0006930828094482422,0.00052642822265625
5,0.0006597042083740234,0.0005242824554443359
5,0.000659942626953125,0.0005602836608886719
5,0.0006587505340576172,0.0005192756652832031
5,0.0006582736968994141,0.0005230903625488281
5,0.0006814002990722656,0.0005304813385009766
5,0.0006613731384277344,0.0005202293395996094
5,0.0006854534149169922,0.0005257129669189453
5,0.0006785392761230469,0.0005249977111816406
5,0.0006647109985351562,0.0005257129669189453
5,0.0006666183471679688,0.0005211830139160156
5,0.0006690025329589844,0.0005233287811279297
5,0.0006587505340576172,0.0005185604095458984
5,0.0006644725799560547,0.0005333423614501953
5,0.0006649494171142578,0.0005195140838623047
5,0.0006587505340576172,0.0005209445953369141
5,0.0006632804870605469,0.0005333423614501953
5,0.0007987022399902344,0.0006093978881835938
5,0.0007050037384033203,0.0005209445953369141
5,0.000698089599609375,0.0005254745483398438
5,0.0006577968597412109,0.0005257129669189453
5,0.0006678104400634766,0.0005180835723876953
5,0.0006852149963378906,0.0005202293395996094
5,0.0006558895111083984,0.0005159378051757812
5,0.0006554126739501953,0.000545501708984375
5,0.0006544589996337891,0.0005168914794921875
5,0.0006566047668457031,0.0005140304565429688
5,0.0006515979766845703,0.0005419254302978516
5,0.0006506443023681641,0.0005159378051757812
5,0.0006763935089111328,0.0005693435668945312
5,0.0009906291961669922,0.0005931854248046875
5,0.0007147789001464844,0.0005655288696289062
5,0.0008292198181152344,0.0008924007415771484
5,0.0007786750793457031,0.0008611679077148438
5,0.0013725757598876953,0.0007562637329101562
5,0.0009543895721435547,0.0005667209625244141
5,0.0007791519165039062,0.0005717277526855469
5,0.0006580352783203125,0.0005159378051757812
5,0.0006732940673828125,0.0005826950073242188
5,0.0006766319274902344,0.0005147457122802734
5,0.0006499290466308594,0.0005154609680175781
5,0.0006482601165771484,0.0005712509155273438
5,0.0006511211395263672,0.000518798828125
5,0.0008096694946289062,0.0017898082733154297
5,0.0007281303405761719,0.0005908012390136719
5,0.0009276866912841797,0.0006210803985595703
5,0.0006949901580810547,0.0005371570587158203
5,0.0006475448608398438,0.0005130767822265625
5,0.0007319450378417969,0.0005156993865966797
5,0.0006554126739501953,0.0005176067352294922
5,0.0006871223449707031,0.0005114078521728516
5,0.0006830692291259766,0.0005152225494384766
5,0.0006482601165771484,0.00051116943359375
5,0.0006477832794189453,0.0005450248718261719
5,0.0006527900695800781,0.0005114078521728516
5,0.0006496906280517578,0.0006017684936523438
5,0.0008821487426757812,0.0005276203155517578
5,0.0013751983642578125,0.0007374286651611328
5,0.0007243156433105469,0.00055694580078125
5,0.0007004737854003906,0.0005536079406738281
5,0.0007274150848388672,0.0005655288696289062
5,0.0007011890411376953,0.0005536079406738281
5,0.0006704330444335938,0.0005142688751220703
5,0.0006496906280517578,0.0005457401275634766
5,0.0006496906280517578,0.0005121231079101562
5,0.0006506443023681641,0.0005118846893310547
5,0.0006802082061767578,0.0005104541778564453
5,0.0006475448608398438,0.0005118846893310547
5,0.0006933212280273438,0.0005395412445068359
5,0.0006811618804931641,0.0005311965942382812
5,0.0012640953063964844,0.0008654594421386719
5,0.0007112026214599609,0.0005567073822021484
5,0.0008180141448974609,0.0008685588836669922
5,0.00099945068359375,0.0009412765502929688
5,0.0013055801391601562,0.0009665489196777344
5,0.0007004737854003906,0.0005183219909667969
5,0.0006468296051025391,0.0005095005035400391
5,0.0006780624389648438,0.0005118846893310547
5,0.0006785392761230469,0.0005123615264892578
5,0.0006644725799560547,0.0005078315734863281
5,0.0006842613220214844,0.0005116462707519531
5,0.0006463527679443359,0.0005156993865966797
10,0.0010759830474853516,0.0011510848999023438
10,0.001070261001586914,0.00112152099609375
10,0.0011081695556640625,0.0011141300201416016
10,0.0010793209075927734,0.0011553764343261719
10,0.0010759830474853516,0.0011088848114013672
10,0.0011091232299804688,0.0011103153228759766
10,0.001071929931640625,0.0015039443969726562
10,0.0013628005981445312,0.001161336898803711
10,0.001081705093383789,0.001104116439819336
10,0.0011119842529296875,0.0011112689971923828
10,0.0010759830474853516,0.0011315345764160156
10,0.001071929931640625,0.0011096000671386719
10,0.0011000633239746094,0.0011091232299804688
10,0.0010724067687988281,0.001138925552368164
10,0.0010714530944824219,0.0011339187622070312
10,0.0011034011840820312,0.001110076904296875
10,0.0011076927185058594,0.0011410713195800781
10,0.001085519790649414,0.001110076904296875
10,0.0011088848114013672,0.0011165142059326172
10,0.0011010169982910156,0.0011208057403564453
10,0.0010769367218017578,0.0011103153228759766
10,0.0011057853698730469,0.001108407974243164
10,0.0010700225830078125,0.0011153221130371094
10,0.0010745525360107422,0.0011124610900878906
10,0.0010783672332763672,0.0011115074157714844
10,0.0010707378387451172,0.0011377334594726562
10,0.0010750293731689453,0.0011060237884521484
10,0.0010936260223388672,0.0011091232299804688
10,0.001081228256225586,0.0011432170867919922
10,0.001074075698852539,0.001107931137084961
10,0.0011038780212402344,0.0011072158813476562
10,0.001081705093383789,0.0011310577392578125
10,0.0010724067687988281,0.0011043548583984375
10,0.001112222671508789,0.0011072158813476562
10,0.0010783672332763672,0.0011343955993652344
10,0.0010783672332763672,0.0011060237884521484
10,0.0011086463928222656,0.0011324882507324219
10,0.0010669231414794922,0.0011372566223144531
10,0.0010750293731689453,0.001138448715209961
10,0.0011043548583984375,0.0011279582977294922
10,0.0010743141174316406,0.0011172294616699219
10,0.0010716915130615234,0.0011065006256103516
10,0.0010786056518554688,0.0011131763458251953
10,0.0010750293731689453,0.0011699199676513672
10,0.0010707378387451172,0.0011043548583984375
10,0.001104116439819336,0.001108407974243164
10,0.0010907649993896484,0.001172780990600586
10,0.0010721683502197266,0.0011088848114013672
10,0.0011014938354492188,0.0011074542999267578
10,0.0010788440704345703,0.0011150836944580078
10,0.0010759830474853516,0.0011124610900878906
10,0.0010776519775390625,0.0011019706726074219
10,0.0010721683502197266,0.0011334419250488281
10,0.0010695457458496094,0.0011107921600341797
10,0.0010814666748046875,0.001110076904296875
10,0.0010764598846435547,0.0011174678802490234
10,0.0010724067687988281,0.0012407302856445312
10,0.0028874874114990234,0.0011131763458251953
10,0.0010828971862792969,0.001107931137084961
10,0.0010793209075927734,0.0011110305786132812
10,0.0011096000671386719,0.0011091232299804688
10,0.0010797977447509766,0.0011086463928222656
10,0.0010790824890136719,0.0011513233184814453
10,0.001069784164428711,0.0011076927185058594
10,0.0010833740234375,0.001130819320678711
10,0.0010743141174316406,0.0011115074157714844
10,0.0010738372802734375,0.0011053085327148438
10,0.0011458396911621094,0.0011043548583984375
10,0.0010712146759033203,0.0011408329010009766
10,0.0010733604431152344,0.0011076927185058594
10,0.0010807514190673828,0.0011081695556640625
10,0.0010769367218017578,0.0011141300201416016
10,0.001074075698852539,0.001104116439819336
10,0.0010802745819091797,0.0011067390441894531
10,0.001074075698852539,0.0011088848114013672
10,0.0010690689086914062,0.0011034011840820312
10,0.0010783672332763672,0.001107931137084961
10,0.0010709762573242188,0.0011472702026367188
10,0.0010747909545898438,0.0011096000671386719
10,0.0010843276977539062,0.0011096000671386719
10,0.0010759830474853516,0.0011134147644042969
10,0.0011086463928222656,0.0010998249053955078
10,0.0011277198791503906,0.0011055469512939453
10,0.0010986328125,0.0011396408081054688
10,0.0010962486267089844,0.0011119842529296875
10,0.0011010169982910156,0.0011098384857177734
10,0.0010704994201660156,0.001138448715209961
10,0.001074075698852539,0.0011065006256103516
10,0.0011522769927978516,0.0011074542999267578
10,0.0010688304901123047,0.0011358261108398438
10,0.0010733604431152344,0.0011110305786132812
10,0.0011019706726074219,0.0011019706726074219
10,0.0010731220245361328,0.0011167526245117188
10,0.0010733604431152344,0.0011069774627685547
10,0.0010786056518554688,0.0011055469512939453
10,0.0010678768157958984,0.0011124610900878906
10,0.0010693073272705078,0.0011103153228759766
10,0.0010786056518554688,0.0011136531829833984
10,0.0010685920715332031,0.001172780990600586
10,0.0010678768157958984,0.0011134147644042969
15,0.0017247200012207031,0.0016024112701416016
15,0.0017237663269042969,0.0016095638275146484
15,0.0017292499542236328,0.0016047954559326172
15,0.0017192363739013672,0.0016329288482666016
15,0.0017654895782470703,0.0017158985137939453
15,0.0017747879028320312,0.0016109943389892578
15,0.0017080307006835938,0.0016062259674072266
15,0.0017242431640625,0.0016033649444580078
15,0.0017058849334716797,0.001611948013305664
15,0.0017178058624267578,0.0016002655029296875
15,0.0016875267028808594,0.0016064643859863281
15,0.0017039775848388672,0.0016090869903564453
15,0.0017361640930175781,0.0016019344329833984
15,0.0017008781433105469,0.0016109943389892578
15,0.0017223358154296875,0.00160980224609375
15,0.0017189979553222656,0.0015985965728759766
15,0.0017189979553222656,0.0015990734100341797
15,0.0017154216766357422,0.0016019344329833984
15,0.0017256736755371094,0.0016334056854248047
15,0.0017518997192382812,0.0016026496887207031
15,0.0017044544219970703,0.001603841781616211
15,0.0016982555389404297,0.0015909671783447266
15,0.0017206668853759766,0.0015935897827148438
15,0.0017464160919189453,0.0016782283782958984
15,0.001745462417602539,0.001605987548828125
15,0.0017018318176269531,0.0016036033630371094
15,0.0017352104187011719,0.001611948013305664
15,0.001695871353149414,0.0015952587127685547
15,0.0017006397247314453,0.0015952587127685547
15,0.001722574234008789,0.0015990734100341797
15,0.0017287731170654297,0.0016829967498779297
15,0.0017359256744384766,0.0016121864318847656
15,0.0017025470733642578,0.001611948013305664
15,0.0017325878143310547,0.0016374588012695312
15,0.0016970634460449219,0.001615762710571289
15,0.0017528533935546875,0.0018641948699951172
15,0.0017058849334716797,0.0016465187072753906
15,0.001867532730102539,0.0016415119171142578
15,0.0017015933990478516,0.0016591548919677734
15,0.0017099380493164062,0.0016231536865234375
15,0.0016903877258300781,0.0016131401062011719
15,0.0016965866088867188,0.0017235279083251953
15,0.0017118453979492188,0.0016417503356933594
15,0.0016884803771972656,0.0016376972198486328
15,0.001695394515991211,0.0016353130340576172
15,0.0017039775848388672,0.0016798973083496094
15,0.0016987323760986328,0.0016493797302246094
15,0.0017032623291015625,0.0016176700592041016
15,0.0027685165405273438,0.0017490386962890625
15,0.0018706321716308594,0.001735687255859375
15,0.0017931461334228516,0.001627206802368164
15,0.0017573833465576172,0.0016427040100097656
15,0.0017175674438476562,0.0016105175018310547
15,0.0017094612121582031,0.0016055107116699219
15,0.0017063617706298828,0.001603841781616211
15,0.001705169677734375,0.0016117095947265625
15,0.0017061233520507812,0.0016074180603027344
15,0.0017006397247314453,0.0016095638275146484
15,0.00174713134765625,0.0016074180603027344
15,0.001708984375,0.001604318618774414
15,0.0017008781433105469,0.0016052722930908203
15,0.0016980171203613281,0.0016019344329833984
15,0.0018067359924316406,0.0017545223236083984
15,0.0017154216766357422,0.0016105175018310547
15,0.0017070770263671875,0.001607656478881836
15,0.001703500747680664,0.0016131401062011719
15,0.0017130374908447266,0.001615285873413086
15,0.0016982555389404297,0.0016143321990966797
15,0.0017142295837402344,0.0016055107116699219
15,0.0017251968383789062,0.0016045570373535156
15,0.0017201900482177734,0.0016105175018310547
15,0.0017206668853759766,0.0016040802001953125
15,0.001722574234008789,0.0016131401062011719
15,0.0017323493957519531,0.0016105175018310547
15,0.0017175674438476562,0.001607656478881836
15,0.001722097396850586,0.001608133316040039
15,0.0017192363739013672,0.001604318618774414
15,0.0017201900482177734,0.0016303062438964844
15,0.0017232894897460938,0.0016055107116699219
15,0.0018112659454345703,0.0016129016876220703
15,0.001708984375,0.0016133785247802734
15,0.001697540283203125,0.0016126632690429688
15,0.0017023086547851562,0.0015981197357177734
15,0.0017046928405761719,0.0016016960144042969
15,0.0016930103302001953,0.0016102790832519531
15,0.0016918182373046875,0.0016033649444580078
15,0.0017023086547851562,0.0016064643859863281
15,0.0016946792602539062,0.001604318618774414
15,0.0016949176788330078,0.0016062259674072266
15,0.0016963481903076172,0.0016486644744873047
15,0.0017244815826416016,0.0016012191772460938
15,0.0017015933990478516,0.0016241073608398438
15,0.0017218589782714844,0.0016222000122070312
15,0.0017211437225341797,0.0016124248504638672
15,0.0017099380493164062,0.001603841781616211
15,0.0017046928405761719,0.0016088485717773438
15,0.0017063617706298828,0.0016164779663085938
15,0.0017054080963134766,0.0016117095947265625
15,0.0017209053039550781,0.0016033649444580078
15,0.0017268657684326172,0.001604318618774414
20,0.0022237300872802734,0.002309560775756836
20,0.0022177696228027344,0.0022802352905273438
20,0.0021958351135253906,0.002277374267578125
20,0.0021877288818359375,0.002282857894897461
20,0.002198457717895508,0.0022847652435302734
20,0.0022077560424804688,0.0023119449615478516
20,0.002190113067626953,0.002278566360473633
20,0.0021936893463134766,0.002279996871948242
20,0.0021963119506835938,0.002310514450073242
20,0.0021820068359375,0.0023055076599121094
20,0.0022139549255371094,0.0022869110107421875
20,0.0022249221801757812,0.0022993087768554688
20,0.0021958351135253906,0.0023102760314941406
20,0.0022258758544921875,0.002281665802001953
20,0.0022118091583251953,0.0023093223571777344
20,0.002179384231567383,0.0023026466369628906
20,0.002232789993286133,0.0022974014282226562
20,0.002204418182373047,0.002279996871948242
20,0.002191305160522461,0.002275705337524414
20,0.0021996498107910156,0.0022819042205810547
20,0.0022089481353759766,0.0022907257080078125
20,0.002242565155029297,0.0022940635681152344
20,0.0022194385528564453,0.0022852420806884766
20,0.0022077560424804688,0.002281665802001953
20,0.0022172927856445312,0.0022699832916259766
20,0.002215862274169922,0.0023055076599121094
20,0.002183198928833008,0.0023124217987060547
20,0.002218484878540039,0.0023326873779296875
20,0.002205371856689453,0.0022804737091064453
20,0.0021932125091552734,0.0022802352905273438
20,0.002202749252319336,0.002279996871948242
20,0.0021991729736328125,0.0022780895233154297
20,0.0021893978118896484,0.0022809505462646484
20,0.002204418182373047,0.0022804737091064453
20,0.002198457717895508,0.0022792816162109375
20,0.002202749252319336,0.002297639846801758
20,0.0022051334381103516,0.0023026466369628906
20,0.0022225379943847656,0.002282857894897461
20,0.0021948814392089844,0.0022983551025390625
20,0.002226114273071289,0.0022666454315185547
20,0.0024297237396240234,0.0023033618927001953
20,0.0022039413452148438,0.0022873878479003906
20,0.0022025108337402344,0.002276897430419922
20,0.0021927356719970703,0.002289295196533203
20,0.0022602081298828125,0.002297639846801758
20,0.0022165775299072266,0.0023267269134521484
20,0.002215147018432617,0.002315998077392578
20,0.002218484878540039,0.0023276805877685547
20,0.0022470951080322266,0.002301454544067383
20,0.0022122859954833984,0.0023436546325683594
20,0.0022211074829101562,0.0023064613342285156
20,0.002218484878540039,0.0023338794708251953
20,0.0022025108337402344,0.002274751663208008
20,0.0021936893463134766,0.0022780895233154297
20,0.0021975040435791016,0.002296924591064453
20,0.0022182464599609375,0.0025925636291503906
20,0.00393223762512207,0.002573251724243164
20,0.00238800048828125,0.0024805068969726562
20,0.0023908615112304688,0.0024499893188476562
20,0.003674030303955078,0.0046613216400146484
20,0.004408836364746094,0.004647493362426758
20,0.0037255287170410156,0.002562284469604492
20,0.005004167556762695,0.004889965057373047
20,0.0029659271240234375,0.0039141178131103516
20,0.0046231746673583984,0.004715919494628906
20,0.004701137542724609,0.004718303680419922
20,0.004667043685913086,0.004879951477050781
20,0.00473475456237793,0.004730939865112305
20,0.004739046096801758,0.004746913909912109
20,0.004706144332885742,0.004730224609375
20,0.0046808719635009766,0.004697322845458984
20,0.004685401916503906,0.004679203033447266
20,0.00473785400390625,0.004671335220336914
20,0.004660844802856445,0.004716634750366211
20,0.004667043685913086,0.0046825408935546875
20,0.00464177131652832,0.0046617984771728516
20,0.004639148712158203,0.004631519317626953
20,0.0046656131744384766,0.004630088806152344
20,0.004587650299072266,0.004702568054199219
20,0.00467991828918457,0.00474238395690918
20,0.0047342777252197266,0.004633188247680664
20,0.0045964717864990234,0.004662752151489258
20,0.004598140716552734,0.004608869552612305
20,0.00457763671875,0.004449367523193359
20,0.004309177398681641,0.004269123077392578
20,0.0047283172607421875,0.004738569259643555
20,0.00441431999206543,0.004714250564575195
20,0.004339694976806641,0.004929304122924805
20,0.004714488983154297,0.004746198654174805
20,0.004095792770385742,0.0025429725646972656
20,0.0023059844970703125,0.0023963451385498047
20,0.002645254135131836,0.0026710033416748047
20,0.0022339820861816406,0.0023615360260009766
20,0.0027282238006591797,0.002359151840209961
20,0.0022077560424804688,0.0030274391174316406
20,0.002285003662109375,0.004236459732055664
20,0.002658367156982422,0.002373218536376953
20,0.0022292137145996094,0.0030760765075683594
20,0.002299070358276367,0.0023224353790283203
20,0.0026259422302246094,0.0023565292358398438
25,0.002738475799560547,0.003804445266723633
25,0.0027496814727783203,0.003052234649658203
25,0.002898693084716797,0.0028421878814697266
25,0.0031757354736328125,0.0034112930297851562
25,0.0028793811798095703,0.0032262802124023438
25,0.0027031898498535156,0.0031583309173583984
25,0.002993345260620117,0.00286865234375
25,0.0030977725982666016,0.0028536319732666016
25,0.0026624202728271484,0.003242969512939453
25,0.002857685089111328,0.003138303756713867
25,0.0027680397033691406,0.0028409957885742188
25,0.0030050277709960938,0.0030732154846191406
25,0.0027561187744140625,0.003261566162109375
25,0.0028793811798095703,0.0033957958221435547
25,0.0027332305908203125,0.0033011436462402344
25,0.0031816959381103516,0.002847909927368164
25,0.002689838409423828,0.003190279006958008
25,0.003114461898803711,0.003223419189453125
25,0.0028471946716308594,0.002819061279296875
25,0.0030143260955810547,0.0028519630432128906
25,0.004456996917724609,0.002966642379760742
25,0.002663135528564453,0.0029175281524658203
25,0.0027163028717041016,0.003564596176147461
25,0.0037736892700195312,0.003053426742553711
25,0.003031015396118164,0.002855062484741211
25,0.0031037330627441406,0.0028524398803710938
25,0.0026967525482177734,0.0028390884399414062
25,0.0026907920837402344,0.0028252601623535156
25,0.0035669803619384766,0.0033731460571289062
25,0.0028684139251708984,0.0028955936431884766
25,0.002733945846557617,0.003302335739135742
25,0.0032951831817626953,0.002856731414794922
25,0.002790212631225586,0.0028252601623535156
25,0.0026903152465820312,0.0031282901763916016
25,0.0027048587799072266,0.0028748512268066406
25,0.0026655197143554688,0.002838611602783203
25,0.002750396728515625,0.003604888916015625
25,0.0032682418823242188,0.0035152435302734375
25,0.002769947052001953,0.0028328895568847656
25,0.003813505172729492,0.003034830093383789
25,0.0029649734497070312,0.002871990203857422
25,0.0027375221252441406,0.003236532211303711
25,0.0029480457305908203,0.0028455257415771484
25,0.0029833316802978516,0.0028443336486816406
25,0.0029463768005371094,0.003259420394897461
25,0.003647327423095703,0.0031616687774658203
25,0.0027189254760742188,0.003122568130493164
25,0.0031735897064208984,0.0032875537872314453
25,0.0030057430267333984,0.002881765365600586
25,0.0026569366455078125,0.003015279769897461
25,0.0039386749267578125,0.0031442642211914062
25,0.0027246475219726562,0.002863168716430664
25,0.002931833267211914,0.0035028457641601562
25,0.00451350212097168,0.0030548572540283203
25,0.003017902374267578,0.0029010772705078125
25,0.003731966018676758,0.0031499862670898438
25,0.002739429473876953,0.0029997825622558594
25,0.0027937889099121094,0.0028595924377441406
25,0.004319906234741211,0.0028679370880126953
25,0.002767324447631836,0.0031681060791015625
25,0.002674579620361328,0.0037565231323242188
25,0.002742767333984375,0.0028862953186035156
25,0.003019571304321289,0.0028667449951171875
25,0.002975940704345703,0.004001140594482422
25,0.002810239791870117,0.003073453903198242
25,0.002712249755859375,0.0028111934661865234
25,0.003581523895263672,0.0028045177459716797
25,0.0029408931732177734,0.0028824806213378906
25,0.0026955604553222656,0.003063678741455078
25,0.0028543472290039062,0.002836942672729492
25,0.0026619434356689453,0.0028259754180908203
25,0.002713918685913086,0.002949237823486328
25,0.002666473388671875,0.002813100814819336
25,0.0026395320892333984,0.0028197765350341797
25,0.0026531219482421875,0.0028924942016601562
25,0.0026853084564208984,0.0028061866760253906
25,0.002660036087036133,0.002797842025756836
25,0.0026788711547851562,0.0028290748596191406
25,0.0026819705963134766,0.002790689468383789
25,0.002650022506713867,0.002801179885864258
25,0.002653360366821289,0.0027844905853271484
25,0.0026700496673583984,0.0027801990509033203
25,0.0026803016662597656,0.0028104782104492188
25,0.0026443004608154297,0.0027811527252197266
25,0.0026443004608154297,0.0027904510498046875
25,0.002652406692504883,0.0027875900268554688
25,0.002645254135131836,0.0027954578399658203
25,0.0026738643646240234,0.0028166770935058594
25,0.0026912689208984375,0.0027904510498046875
25,0.0026540756225585938,0.0028183460235595703
25,0.003020048141479492,0.003000020980834961
25,0.0028557777404785156,0.0028564929962158203
25,0.0026748180389404297,0.002808809280395508
25,0.0026502609252929688,0.002839803695678711
25,0.0026938915252685547,0.002836465835571289
25,0.002650022506713867,0.0027768611907958984
25,0.002671480178833008,0.0028069019317626953
25,0.002712249755859375,0.0028858184814453125
25,0.0026886463165283203,0.0028159618377685547
25,0.002674579620361328,0.002844095230102539
30,0.0032205581665039062,0.003414630889892578
30,0.0032317638397216797,0.003423452377319336
30,0.003204345703125,0.003412961959838867
30,0.0032503604888916016,0.0034875869750976562
30,0.00325775146484375,0.003412485122680664
30,0.0032269954681396484,0.0034170150756835938
30,0.0032074451446533203,0.0034246444702148438
30,0.0032422542572021484,0.0034759044647216797
30,0.003270387649536133,0.003427267074584961
30,0.003240346908569336,0.0034427642822265625
30,0.0032575130462646484,0.0038671493530273438
30,0.0032677650451660156,0.0035216808319091797
30,0.003219127655029297,0.0035102367401123047
30,0.0032777786254882812,0.003616809844970703
30,0.003246307373046875,0.0036330223083496094
30,0.0032606124877929688,0.003497600555419922
30,0.003240823745727539,0.003432035446166992
30,0.0032587051391601562,0.003413677215576172
30,0.003222942352294922,0.003446817398071289
30,0.00331878662109375,0.0034706592559814453
30,0.0032787322998046875,0.003479480743408203
30,0.003281116485595703,0.003504037857055664
30,0.0032460689544677734,0.0034346580505371094
30,0.0032415390014648438,0.0058553218841552734
30,0.006808042526245117,0.004609346389770508
30,0.005789518356323242,0.007816314697265625
30,0.007701873779296875,0.007737874984741211
30,0.0068056583404541016,0.007250070571899414
30,0.006325244903564453,0.006439685821533203
30,0.00673985481262207,0.0073375701904296875
30,0.006993770599365234,0.007258892059326172
30,0.0073130130767822266,0.005423784255981445
30,0.008491992950439453,0.007611513137817383
30,0.00468754768371582,0.005677938461303711
30,0.008187532424926758,0.006085634231567383
30,0.005246400833129883,0.0034983158111572266
30,0.003355264663696289,0.0038259029388427734
30,0.003540515899658203,0.003617525100708008
30,0.003259897232055664,0.0034666061401367188
30,0.003343343734741211,0.003476858139038086
30,0.0034461021423339844,0.003509521484375
30,0.0032930374145507812,0.0034744739532470703
30,0.0032563209533691406,0.0035598278045654297
30,0.003268718719482422,0.0034723281860351562
30,0.003312826156616211,0.0034952163696289062
30,0.004080295562744141,0.003464937210083008
30,0.0032434463500976562,0.004952907562255859
30,0.003260374069213867,0.0034449100494384766
30,0.0032622814178466797,0.003554105758666992
30,0.0032308101654052734,0.0034399032592773438
30,0.0032227039337158203,0.0034368038177490234
30,0.003301858901977539,0.003421783447265625
30,0.0033006668090820312,0.0037648677825927734
30,0.0036003589630126953,0.0034384727478027344
30,0.0032379627227783203,0.003444671630859375
30,0.003260374069213867,0.0034356117248535156
30,0.0032286643981933594,0.0034291744232177734
30,0.003199338912963867,0.003432750701904297
30,0.0032258033752441406,0.003484964370727539
30,0.003242969512939453,0.0034270286560058594
30,0.0033142566680908203,0.003443479537963867
30,0.003265857696533203,0.0034317970275878906
30,0.0032215118408203125,0.0034291744232177734
30,0.0032088756561279297,0.0034263134002685547
30,0.0032873153686523438,0.0034210681915283203
30,0.0032529830932617188,0.0034182071685791016
30,0.00328826904296875,0.0034761428833007812
30,0.0032231807708740234,0.0034942626953125
30,0.003247976303100586,0.0034949779510498047
30,0.0032281875610351562,0.0034406185150146484
30,0.0032806396484375,0.003477334976196289
30,0.0032625198364257812,0.003421306610107422
30,0.003628253936767578,0.003998756408691406
30,0.0034942626953125,0.004753589630126953
30,0.0034394264221191406,0.003556489944458008
30,0.003251314163208008,0.004068851470947266
30,0.0034999847412109375,0.004863739013671875
30,0.004943132400512695,0.00626826286315918
30,0.00529026985168457,0.003875255584716797
30,0.0056993961334228516,0.006350040435791016
30,0.0036270618438720703,0.004698276519775391
30,0.0036683082580566406,0.003870725631713867
30,0.0035233497619628906,0.004113197326660156
30,0.005597114562988281,0.003781557083129883
30,0.003882884979248047,0.006250619888305664
30,0.0062372684478759766,0.0058307647705078125
30,0.006172657012939453,0.003915071487426758
30,0.003762960433959961,0.003523111343383789
30,0.003785371780395508,0.003481149673461914
30,0.0034058094024658203,0.003553628921508789
30,0.0054280757904052734,0.005219459533691406
30,0.003672361373901367,0.003481149673461914
30,0.0033998489379882812,0.0034673213958740234
30,0.0032455921173095703,0.0034580230712890625
30,0.0032541751861572266,0.0034821033477783203
30,0.0032548904418945312,0.004069328308105469
30,0.006188154220581055,0.004584789276123047
30,0.003260374069213867,0.003523111343383789
30,0.0036864280700683594,0.005033016204833984
30,0.005624294281005859,0.004052400588989258
35,0.004025697708129883,0.006075382232666016
35,0.0038254261016845703,0.004143238067626953
35,0.004214763641357422,0.004038095474243164
35,0.003755331039428711,0.004701375961303711
35,0.0038542747497558594,0.004049539566040039
35,0.003754854202270508,0.004042625427246094
35,0.0037240982055664062,0.004018545150756836
35,0.0037469863891601562,0.0039865970611572266
35,0.0037560462951660156,0.004046201705932617
35,0.0037300586700439453,0.003998279571533203
35,0.0037317276000976562,0.003987312316894531
35,0.0037038326263427734,0.003996133804321289
35,0.006276130676269531,0.0059986114501953125
35,0.0038537979125976562,0.00410914421081543
35,0.00384521484375,0.0054891109466552734
35,0.0038471221923828125,0.004029512405395508
35,0.00383758544921875,0.004187345504760742
35,0.0037441253662109375,0.0040247440338134766
35,0.003736257553100586,0.00403141975402832
35,0.00384521484375,0.004608154296875
35,0.0038335323333740234,0.004350900650024414
35,0.004403829574584961,0.004170894622802734
35,0.0037713050842285156,0.004143238067626953
35,0.0037822723388671875,0.004010438919067383
35,0.0037610530853271484,0.004110813140869141
35,0.0037527084350585938,0.004024982452392578
35,0.003787517547607422,0.00408482551574707
35,0.0037221908569335938,0.004001140594482422
35,0.003740072250366211,0.003999471664428711
35,0.0037703514099121094,0.004047870635986328
35,0.0037217140197753906,0.00397181510925293
35,0.003751039505004883,0.0039825439453125
35,0.0037229061126708984,0.004020214080810547
35,0.0037734508514404297,0.004013538360595703
35,0.003789663314819336,0.0039958953857421875
35,0.0037169456481933594,0.003984928131103516
35,0.003750324249267578,0.004023075103759766
35,0.003725290298461914,0.004040718078613281
35,0.003731250762939453,0.003989219665527344
35,0.0037412643432617188,0.0040705204010009766
35,0.003785371780395508,0.00402069091796875
35,0.0037262439727783203,0.0039997100830078125
35,0.003730297088623047,0.003996133804321289
35,0.0037500858306884766,0.003998756408691406
35,0.003738880157470703,0.004693746566772461
35,0.0037910938262939453,0.0040988922119140625
35,0.0037517547607421875,0.004004478454589844
35,0.0037305355072021484,0.004002809524536133
35,0.0037717819213867188,0.004009723663330078
35,0.003779172897338867,0.006691455841064453
35,0.005219221115112305,0.00415802001953125
35,0.003829479217529297,0.0043375492095947266
35,0.005409955978393555,0.004199028015136719
35,0.0039424896240234375,0.004366874694824219
35,0.0038220882415771484,0.0040988922119140625
35,0.0038025379180908203,0.00407862663269043
35,0.003878355026245117,0.004439592361450195
35,0.004056692123413086,0.004216909408569336
35,0.004458904266357422,0.004113197326660156
35,0.003986835479736328,0.004160165786743164
35,0.004393815994262695,0.004045963287353516
35,0.004026174545288086,0.004616737365722656
35,0.0044553279876708984,0.004280567169189453
35,0.003998517990112305,0.004865407943725586
35,0.004256248474121094,0.00443720817565918
35,0.0038156509399414062,0.0047609806060791016
35,0.003806591033935547,0.004307270050048828
35,0.0037937164306640625,0.004792213439941406
35,0.0038559436798095703,0.004325389862060547
35,0.0038213729858398438,0.004681587219238281
35,0.0037794113159179688,0.004347324371337891
35,0.003778219223022461,0.004979848861694336
35,0.0038411617279052734,0.004031181335449219
35,0.0044901371002197266,0.00415802001953125
35,0.004307985305786133,0.004121303558349609
35,0.0038428306579589844,0.004125356674194336
35,0.003812551498413086,0.0040283203125
35,0.0037994384765625,0.004109859466552734
35,0.0038194656372070312,0.004019260406494141
35,0.0037796497344970703,0.004034996032714844
35,0.003788471221923828,0.0040361881256103516
35,0.003816843032836914,0.00407862663269043
35,0.0038039684295654297,0.004015684127807617
35,0.003916740417480469,0.004016399383544922
35,0.0037927627563476562,0.003993511199951172
35,0.003736257553100586,0.004019737243652344
35,0.003725290298461914,0.004079103469848633
35,0.003747701644897461,0.0040509700775146484
35,0.0038001537322998047,0.0040740966796875
35,0.003728151321411133,0.004086732864379883
35,0.003785371780395508,0.0040264129638671875
35,0.0037543773651123047,0.004107952117919922
35,0.0037851333618164062,0.004034757614135742
35,0.0038521289825439453,0.004055976867675781
35,0.0037784576416015625,0.004068136215209961
35,0.004482269287109375,0.0040950775146484375
35,0.0037653446197509766,0.004179954528808594
35,0.003758668899536133,0.004076719284057617
35,0.0037698745727539062,0.004078865051269531
35,0.0038518905639648438,0.004069805145263672
40,0.0043375492095947266,0.004792213439941406
40,0.004341840744018555,0.004673957824707031
40,0.004319906234741211,0.0046939849853515625
40,0.004319429397583008,0.004647254943847656
40,0.0042724609375,0.004644632339477539
40,0.0043141841888427734,0.004744291305541992
40,0.004312753677368164,0.004725456237792969
40,0.004315376281738281,0.004780769348144531
40,0.004248619079589844,0.004702329635620117
40,0.004323482513427734,0.004676103591918945
40,0.004268646240234375,0.0046710968017578125
40,0.004305362701416016,0.004692554473876953
40,0.005198955535888672,0.004739999771118164
40,0.004405021667480469,0.004923582077026367
40,0.0042531490325927734,0.005408048629760742
40,0.004568815231323242,0.0051500797271728516
40,0.0045430660247802734,0.004720926284790039
40,0.004897594451904297,0.004911899566650391
40,0.004347085952758789,0.004941701889038086
40,0.004982709884643555,0.005007266998291016
40,0.004506111145019531,0.005235910415649414
40,0.004597663879394531,0.004715919494628906
40,0.004647970199584961,0.005288839340209961
40,0.004384756088256836,0.004971504211425781
40,0.00462651252746582,0.0046918392181396484
40,0.004328012466430664,0.005001068115234375
40,0.0046236515045166016,0.004673957824707031
40,0.004635810852050781,0.004983186721801758
40,0.004620790481567383,0.004954338073730469
40,0.004336357116699219,0.0053462982177734375
40,0.004273653030395508,0.005011320114135742
40,0.004854679107666016,0.004735708236694336
40,0.004518985748291016,0.004739522933959961
40,0.0049626827239990234,0.004973173141479492
40,0.004347562789916992,0.005196332931518555
40,0.00432133674621582,0.005034685134887695
40,0.004340171813964844,0.005040884017944336
40,0.0043528079986572266,0.004698514938354492
40,0.004519462585449219,0.00466609001159668
40,0.0044460296630859375,0.004668235778808594
40,0.004378318786621094,0.004755496978759766
40,0.004274606704711914,0.004684925079345703
40,0.004293918609619141,0.005343914031982422
40,0.004640340805053711,0.0050313472747802734
40,0.004606008529663086,0.0046844482421875
40,0.004548788070678711,0.005181789398193359
40,0.004337310791015625,0.00496220588684082
40,0.004518985748291016,0.00504755973815918
40,0.004580259323120117,0.004790067672729492
40,0.004904508590698242,0.005102634429931641
40,0.004380702972412109,0.005160331726074219
40,0.00458073616027832,0.005109310150146484
40,0.004689216613769531,0.005535602569580078
40,0.004664897918701172,0.005192995071411133
40,0.004942655563354492,0.004760026931762695
40,0.004269599914550781,0.005217313766479492
40,0.00434422492980957,0.005027294158935547
40,0.004281282424926758,0.0054285526275634766
40,0.004618167877197266,0.004823207855224609
40,0.004752635955810547,0.004777669906616211
40,0.004308223724365234,0.0048940181732177734
40,0.005055427551269531,0.00496220588684082
40,0.0042650699615478516,0.005666017532348633
40,0.0046613216400146484,0.004713296890258789
40,0.004354953765869141,0.0051724910736083984
40,0.004355192184448242,0.004816293716430664
40,0.00450897216796875,0.0047454833984375
40,0.004297733306884766,0.0049152374267578125
40,0.004850625991821289,0.004677534103393555
40,0.004370927810668945,0.006663322448730469
40,0.004568338394165039,0.0049953460693359375
40,0.00457000732421875,0.005136728286743164
40,0.006250858306884766,0.00742030143737793
40,0.004560708999633789,0.0050754547119140625
40,0.004621744155883789,0.004638671875
40,0.004309892654418945,0.004654645919799805
40,0.005434513092041016,0.004797697067260742
40,0.0042650699615478516,0.0046999454498291016
40,0.0045909881591796875,0.004819154739379883
40,0.004327058792114258,0.00471043586730957
40,0.0042417049407958984,0.005460023880004883
40,0.004985809326171875,0.005720376968383789
40,0.005586147308349609,0.0056858062744140625
40,0.005843400955200195,0.005610227584838867
40,0.0046350955963134766,0.005549430847167969
40,0.004305839538574219,0.004929304122924805
40,0.004801034927368164,0.004785060882568359
40,0.004293203353881836,0.004675626754760742
40,0.004431486129760742,0.004670858383178711
40,0.004971742630004883,0.004750251770019531
40,0.004334926605224609,0.004865169525146484
40,0.0042912960052490234,0.005115509033203125
40,0.0043332576751708984,0.004739046096801758
40,0.0043048858642578125,0.005213022232055664
40,0.004377126693725586,0.004694938659667969
40,0.0043337345123291016,0.004705905914306641
40,0.004279613494873047,0.0046617984771728516
40,0.004378080368041992,0.0047113895416259766
40,0.0042722225189208984,0.0047261714935302734
40,0.0044138431549072266,0.0047607421875
45,0.004869937896728516,0.005296945571899414
45,0.004922628402709961,0.005179405212402344
45,0.004838466644287109,0.005240201950073242
45,0.0048258304595947266,0.005183219909667969
45,0.005006074905395508,0.005213499069213867
45,0.0049228668212890625,0.005211353302001953
45,0.004927158355712891,0.005197286605834961
45,0.004817008972167969,0.00519871711730957
45,0.0048580169677734375,0.005186319351196289
45,0.004872322082519531,0.005263566970825195
45,0.004899024963378906,0.005234956741333008
45,0.004846096038818359,0.005234241485595703
45,0.004818916320800781,0.0051763057708740234
45,0.004865884780883789,0.005216836929321289
45,0.00487971305847168,0.005273103713989258
45,0.004865407943725586,0.00522303581237793
45,0.004911661148071289,0.0052945613861083984
45,0.0048370361328125,0.0052111148834228516
45,0.004833698272705078,0.005236387252807617
45,0.004853487014770508,0.005309343338012695
45,0.004909992218017578,0.005850315093994141
45,0.004945516586303711,0.0052602291107177734
45,0.004871845245361328,0.00524592399597168
45,0.00491786003112793,0.005281686782836914
45,0.004864931106567383,0.0052661895751953125
45,0.00487971305847168,0.005219936370849609
45,0.004829883575439453,0.005236148834228516
45,0.0048885345458984375,0.005190372467041016
45,0.0048885345458984375,0.005230903625488281
45,0.004842281341552734,0.0053555965423583984
45,0.004842519760131836,0.006205558776855469
45,0.005037784576416016,0.005421876907348633
45,0.005411386489868164,0.005295991897583008
45,0.00490117073059082,0.005684852600097656
45,0.005154132843017578,0.005908966064453125
45,0.0052890777587890625,0.005476236343383789
45,0.005100250244140625,0.005753755569458008
45,0.005219697952270508,0.005476951599121094
45,0.005143404006958008,0.0055811405181884766
45,0.005149126052856445,0.0063610076904296875
45,0.005316257476806641,0.00551152229309082
45,0.006588459014892578,0.005414009094238281
45,0.0051043033599853516,0.0068817138671875
45,0.004891395568847656,0.0052947998046875
45,0.0050203800201416016,0.005233287811279297
45,0.004888057708740234,0.005365133285522461
45,0.004924297332763672,0.005212068557739258
45,0.004946708679199219,0.005421161651611328
45,0.004884004592895508,0.006813764572143555
45,0.005717277526855469,0.0053806304931640625
45,0.005990028381347656,0.005623340606689453
45,0.005068063735961914,0.0057680606842041016
45,0.0051920413970947266,0.005326032638549805
45,0.005430698394775391,0.0052716732025146484
45,0.004924297332763672,0.005232810974121094
45,0.004925251007080078,0.0051953792572021484
45,0.004874706268310547,0.005476951599121094
45,0.0048754215240478516,0.005232095718383789
45,0.004853010177612305,0.00518488883972168
45,0.004823923110961914,0.005217313766479492
45,0.004827737808227539,0.0051724910736083984
45,0.0048296451568603516,0.005173683166503906
45,0.00481867790222168,0.0053081512451171875
45,0.004857301712036133,0.005213022232055664
45,0.0048716068267822266,0.005245685577392578
45,0.004880666732788086,0.005216121673583984
45,0.004900455474853516,0.005209684371948242
45,0.004907369613647461,0.005231380462646484
45,0.004844188690185547,0.005222320556640625
45,0.00483393669128418,0.005247831344604492
45,0.005326032638549805,0.005206108093261719
45,0.004940509796142578,0.0052356719970703125
45,0.004954099655151367,0.00523686408996582
45,0.0049550533294677734,0.005178689956665039
45,0.004913330078125,0.00523829460144043
45,0.004912376403808594,0.005246400833129883
45,0.004934072494506836,0.005234241485595703
45,0.0055389404296875,0.005750894546508789
45,0.005154132843017578,0.005470752716064453
45,0.005021572113037109,0.005666971206665039
45,0.005146026611328125,0.005196809768676758
45,0.006523847579956055,0.005671977996826172
45,0.005257368087768555,0.006255149841308594
45,0.005322933197021484,0.005632638931274414
45,0.005019187927246094,0.005516529083251953
45,0.005086421966552734,0.006710529327392578
45,0.004984378814697266,0.0056688785552978516
45,0.005872964859008789,0.006212472915649414
45,0.009142637252807617,0.006074428558349609
45,0.005092620849609375,0.007823467254638672
45,0.005205869674682617,0.0062694549560546875
45,0.0065462589263916016,0.0055735111236572266
45,0.0074443817138671875,0.008075475692749023
45,0.0073773860931396484,0.007368564605712891
45,0.005007266998291016,0.007627248764038086
45,0.006518363952636719,0.00719761848449707
45,0.006820201873779297,0.007806301116943359
45,0.006304502487182617,0.0053424835205078125
45,0.005885124206542969,0.007075786590576172
45,0.005393028259277344,0.007057666778564453
50,0.0057849884033203125,0.007122039794921875
50,0.005502462387084961,0.005955934524536133
50,0.0054302215576171875,0.0058901309967041016
50,0.005391359329223633,0.005936861038208008
50,0.0053768157958984375,0.005856513977050781
50,0.0054438114166259766,0.00586700439453125
50,0.005333423614501953,0.005833864212036133
50,0.005347251892089844,0.0059888362884521484
50,0.005363941192626953,0.005795001983642578
50,0.00535130500793457,0.005897998809814453
50,0.005346536636352539,0.005863189697265625
50,0.0053462982177734375,0.005812883377075195
50,0.005359172821044922,0.005899667739868164
50,0.00538945198059082,0.005814790725708008
50,0.005349636077880859,0.005862236022949219
50,0.00536799430847168,0.005850076675415039
50,0.005396127700805664,0.005860328674316406
50,0.00534820556640625,0.005877256393432617
50,0.005392551422119141,0.0058553218841552734
50,0.005425930023193359,0.0058634281158447266
50,0.0054013729095458984,0.005811452865600586
50,0.005391120910644531,0.0058841705322265625
50,0.0054171085357666016,0.00591278076171875
50,0.0054128170013427734,0.005887031555175781
50,0.005359649658203125,0.005865335464477539
50,0.005366325378417969,0.0058209896087646484
50,0.0053920745849609375,0.00586247444152832
50,0.005434274673461914,0.005925655364990234
50,0.005449533462524414,0.00661158561706543
50,0.005430459976196289,0.006031513214111328
50,0.007451534271240234,0.010488510131835938
50,0.006844282150268555,0.006917238235473633
50,0.0054700374603271484,0.009074926376342773
50,0.0068089962005615234,0.009221553802490234
50,0.007025480270385742,0.008614301681518555
50,0.006548881530761719,0.007243156433105469
50,0.007761716842651367,0.007602691650390625
50,0.007367610931396484,0.0069844722747802734
50,0.008168935775756836,0.007456064224243164
50,0.007700443267822266,0.009920358657836914
50,0.007723331451416016,0.008360624313354492
50,0.010917186737060547,0.010001659393310547
50,0.0064127445220947266,0.006453752517700195
50,0.006434917449951172,0.006508827209472656
50,0.011144638061523438,0.011842727661132812
50,0.010701417922973633,0.011413097381591797
50,0.007133007049560547,0.006452083587646484
50,0.005994081497192383,0.011038780212402344
50,0.005852460861206055,0.006789684295654297
50,0.011096000671386719,0.012247085571289062
50,0.012618303298950195,0.011592626571655273
50,0.012291431427001953,0.012120246887207031
50,0.011974334716796875,0.01092386245727539
50,0.008372068405151367,0.010328531265258789
50,0.008894681930541992,0.0077397823333740234
50,0.00856161117553711,0.008153200149536133
50,0.009023666381835938,0.007633209228515625
50,0.009560585021972656,0.008078813552856445
50,0.008755207061767578,0.0069501399993896484
50,0.008202791213989258,0.006407737731933594
50,0.008303642272949219,0.010829687118530273
50,0.01032710075378418,0.012573003768920898
50,0.00897216796875,0.011969327926635742
50,0.00994729995727539,0.009339094161987305
50,0.007051944732666016,0.00874781608581543
50,0.006333589553833008,0.009215354919433594
50,0.011368751525878906,0.011080741882324219
50,0.008758783340454102,0.0070078372955322266
50,0.009621381759643555,0.007588863372802734
50,0.008636713027954102,0.008891820907592773
50,0.009512662887573242,0.007390022277832031
50,0.008861303329467773,0.0075225830078125
50,0.010414600372314453,0.006794452667236328
50,0.008895397186279297,0.006581306457519531
50,0.010107278823852539,0.007055521011352539
50,0.008908748626708984,0.007242441177368164
50,0.009628057479858398,0.007002592086791992
50,0.00847482681274414,0.007918119430541992
50,0.009685516357421875,0.007043123245239258
50,0.00865030288696289,0.007763385772705078
50,0.008786439895629883,0.0070192813873291016
50,0.00789189338684082,0.008602142333984375
50,0.007056236267089844,0.007396697998046875
50,0.007433652877807617,0.008900165557861328
50,0.005970954895019531,0.009335517883300781
50,0.005868673324584961,0.010159730911254883
50,0.005547285079956055,0.008527278900146484
50,0.005530357360839844,0.007368326187133789
50,0.006412506103515625,0.0060422420501708984
50,0.007750749588012695,0.006075620651245117
50,0.006329774856567383,0.00714564323425293
50,0.005463361740112305,0.007918596267700195
50,0.005541324615478516,0.0065457820892333984
50,0.0073697566986083984,0.0060024261474609375
50,0.007748842239379883,0.006084442138671875
50,0.006040334701538086,0.007842779159545898
50,0.005525350570678711,0.008640289306640625
50,0.005548000335693359,0.007329702377319336
50,0.006700038909912109,0.0060842037200927734
50,0.008155584335327148,0.006528377532958984
55,0.008344888687133789,0.007632017135620117
55,0.010574579238891602,0.00900578498840332
55,0.01010441780090332,0.010313987731933594
55,0.007988691329956055,0.011839866638183594
55,0.007815837860107422,0.012982368469238281
55,0.0077898502349853516,0.008562803268432617
55,0.011032342910766602,0.013697624206542969
55,0.008984088897705078,0.012464284896850586
55,0.006966352462768555,0.013266801834106445
55,0.006582498550415039,0.012634515762329102
55,0.008610248565673828,0.009185314178466797
55,0.010584115982055664,0.008452892303466797
55,0.009655475616455078,0.006655216217041016
55,0.010135889053344727,0.0074367523193359375
55,0.00949716567993164,0.00722813606262207
55,0.009850502014160156,0.008756875991821289
55,0.009326934814453125,0.00935816764831543
55,0.008414268493652344,0.009512901306152344
55,0.007923126220703125,0.008891105651855469
55,0.006174564361572266,0.007931232452392578
55,0.007580757141113281,0.006577730178833008
55,0.008721590042114258,0.006562948226928711
55,0.008475065231323242,0.006696939468383789
55,0.008415937423706055,0.006876468658447266
55,0.0077972412109375,0.007350921630859375
55,0.006046295166015625,0.012096166610717773
55,0.007391929626464844,0.008202791213989258
55,0.0062923431396484375,0.009079217910766602
55,0.0061283111572265625,0.00947713851928711
55,0.00629425048828125,0.01103353500366211
55,0.008391618728637695,0.01158595085144043
55,0.012533187866210938,0.012376070022583008
55,0.010627269744873047,0.010915040969848633
55,0.012906312942504883,0.011723995208740234
55,0.011735916137695312,0.01504826545715332
55,0.011132001876831055,0.008388280868530273
55,0.008307695388793945,0.01026010513305664
55,0.009084939956665039,0.00843358039855957
55,0.00775456428527832,0.009402275085449219
55,0.008929967880249023,0.011092424392700195
55,0.00826263427734375,0.006870746612548828
55,0.006790637969970703,0.006636857986450195
55,0.0075299739837646484,0.006552457809448242
55,0.0061876773834228516,0.006494283676147461
55,0.005979299545288086,0.006556987762451172
55,0.006017446517944336,0.006573677062988281
55,0.005919456481933594,0.006464719772338867
55,0.009836912155151367,0.007407188415527344
55,0.007331132888793945,0.0067484378814697266
55,0.0059356689453125,0.006761312484741211
55,0.005911350250244141,0.006518840789794922
55,0.006014585494995117,0.006517887115478516
55,0.005955696105957031,0.006488800048828125
55,0.006349325180053711,0.006666898727416992
55,0.0067784786224365234,0.007937431335449219
55,0.009369850158691406,0.011010169982910156
55,0.007720232009887695,0.012763261795043945
55,0.009111166000366211,0.010439634323120117
55,0.013181924819946289,0.011450767517089844
55,0.007651805877685547,0.011615514755249023
55,0.011544227600097656,0.012324094772338867
55,0.012653589248657227,0.009561300277709961
55,0.012219905853271484,0.010216712951660156
55,0.007770538330078125,0.0070302486419677734
55,0.0061376094818115234,0.010143280029296875
55,0.006808280944824219,0.008153438568115234
55,0.006049633026123047,0.006815195083618164
55,0.005931377410888672,0.006491899490356445
55,0.00603795051574707,0.006528615951538086
55,0.005949974060058594,0.006453037261962891
55,0.005980014801025391,0.00648951530456543
55,0.005918264389038086,0.006410837173461914
55,0.005869626998901367,0.006404399871826172
55,0.005949258804321289,0.006452322006225586
55,0.005936145782470703,0.006502389907836914
55,0.005928754806518555,0.008256912231445312
55,0.010830402374267578,0.013536930084228516
55,0.009888887405395508,0.009076595306396484
55,0.009510993957519531,0.00948023796081543
55,0.01040959358215332,0.00797271728515625
55,0.010153532028198242,0.008877277374267578
55,0.00955653190612793,0.011221170425415039
55,0.007379293441772461,0.010746240615844727
55,0.0068738460540771484,0.013835668563842773
55,0.010720968246459961,0.012929916381835938
55,0.011475324630737305,0.008147954940795898
55,0.006509065628051758,0.006631612777709961
55,0.006179332733154297,0.006474733352661133
55,0.006020545959472656,0.006531238555908203
55,0.005906343460083008,0.006470680236816406
55,0.005878925323486328,0.006437063217163086
55,0.005984783172607422,0.006449699401855469
55,0.005958080291748047,0.006550312042236328
55,0.0058705806732177734,0.0064432621002197266
55,0.005877017974853516,0.006514310836791992
55,0.005881071090698242,0.006546974182128906
55,0.005980968475341797,0.006416797637939453
55,0.005848407745361328,0.006427764892578125
55,0.005854129791259766,0.006497859954833984
55,0.005868434906005859,0.006597757339477539
60,0.006621122360229492,0.007200479507446289
60,0.00650334358215332,0.0071260929107666016
60,0.0064678192138671875,0.00850820541381836
60,0.011133193969726562,0.01131439208984375
60,0.009891271591186523,0.014320135116577148
60,0.013075828552246094,0.015598058700561523
60,0.01164698600769043,0.011047601699829102
60,0.009312868118286133,0.011780261993408203
60,0.007485866546630859,0.018580198287963867
60,0.014493465423583984,0.011326313018798828
60,0.013375997543334961,0.012945175170898438
60,0.012448787689208984,0.013238191604614258
60,0.011725425720214844,0.013211727142333984
60,0.011664867401123047,0.012823820114135742
60,0.008383750915527344,0.00826120376586914
60,0.006817340850830078,0.007208824157714844
60,0.0066950321197509766,0.0072879791259765625
60,0.0065460205078125,0.007179737091064453
60,0.00664067268371582,0.007225751876831055
60,0.006618976593017578,0.007982969284057617
60,0.008628606796264648,0.010399818420410156
60,0.011402368545532227,0.011774778366088867
60,0.011312723159790039,0.01257014274597168
60,0.01502847671508789,0.013920307159423828
60,0.015096426010131836,0.014184236526489258
60,0.01047968864440918,0.009126424789428711
60,0.012301445007324219,0.013490915298461914
60,0.01328134536743164,0.013247489929199219
60,0.007580995559692383,0.009454727172851562
60,0.006653785705566406,0.007576465606689453
60,0.006552457809448242,0.0072710514068603516
60,0.006539583206176758,0.007357120513916016
60,0.0067348480224609375,0.007445335388183594
60,0.007150411605834961,0.0073320865631103516
60,0.007544517517089844,0.007222414016723633
60,0.006686210632324219,0.0073490142822265625
60,0.006576061248779297,0.008269786834716797
60,0.0073511600494384766,0.013576269149780273
60,0.01234292984008789,0.011445283889770508
60,0.012465715408325195,0.011300325393676758
60,0.009121894836425781,0.010695934295654297
60,0.011152505874633789,0.008478641510009766
60,0.011945009231567383,0.010602474212646484
60,0.008500814437866211,0.011420965194702148
60,0.007880687713623047,0.014909744262695312
60,0.01177215576171875,0.00783991813659668
60,0.008475303649902344,0.008521795272827148
60,0.009815692901611328,0.007531642913818359
60,0.008171558380126953,0.007286787033081055
60,0.00685429573059082,0.0075266361236572266
60,0.0068454742431640625,0.0071794986724853516
60,0.0065577030181884766,0.007279872894287109
60,0.006551980972290039,0.00726628303527832
60,0.006582975387573242,0.007208824157714844
60,0.006579160690307617,0.0072422027587890625
60,0.006518125534057617,0.007128715515136719
60,0.006464719772338867,0.007128715515136719
60,0.0065000057220458984,0.0071985721588134766
60,0.006605863571166992,0.007103681564331055
60,0.0065457820892333984,0.0071756839752197266
60,0.010220050811767578,0.012477874755859375
60,0.008118152618408203,0.012813329696655273
60,0.00917959213256836,0.010065555572509766
60,0.010473012924194336,0.009974956512451172
60,0.011820316314697266,0.009960412979125977
60,0.010159969329833984,0.010185003280639648
60,0.01181793212890625,0.013614177703857422
60,0.012634992599487305,0.014028310775756836
60,0.014227628707885742,0.01361083984375
60,0.012006521224975586,0.01374053955078125
60,0.013149499893188477,0.012323617935180664
60,0.007068634033203125,0.008461475372314453
60,0.006732940673828125,0.00746917724609375
60,0.006561994552612305,0.007141590118408203
60,0.006550312042236328,0.007234334945678711
60,0.0064923763275146484,0.007078647613525391
60,0.0065460205078125,0.00714111328125
60,0.0065381526947021484,0.007093667984008789
60,0.00645899772644043,0.007106304168701172
60,0.006537675857543945,0.007267475128173828
60,0.0065402984619140625,0.007177591323852539
60,0.0065348148345947266,0.007128238677978516
60,0.0065119266510009766,0.007141828536987305
60,0.00889897346496582,0.012027978897094727
60,0.009475231170654297,0.011767864227294922
60,0.012211322784423828,0.010292768478393555
60,0.010921001434326172,0.011434316635131836
60,0.009050607681274414,0.010528564453125
60,0.01125788688659668,0.013655662536621094
60,0.009023427963256836,0.012806415557861328
60,0.013634443283081055,0.013447284698486328
60,0.008239269256591797,0.01206064224243164
60,0.01256418228149414,0.011347055435180664
60,0.011769533157348633,0.008338451385498047
60,0.009730100631713867,0.007371664047241211
60,0.008442878723144531,0.007209062576293945
60,0.006939888000488281,0.007149934768676758
60,0.0066487789154052734,0.007129669189453125
60,0.006587028503417969,0.007236003875732422
60,0.006537199020385742,0.007122516632080078
